,PLN,SOC,TEMP,Time,Discharge Capacity,Elap_time,Cap
0,3.0,0.0,50.0,3W,1.5680729919999998,0.0,1.0
1,4.0,0.0,50.0,3W,1.557777135,0.0,1.0
2,5.0,0.0,50.0,3W,1.571982891,0.0,1.0
3,6.0,0.0,50.0,3W,1.563703759,0.0,1.0
4,15.0,100.0,50.0,3W,1.576211159,0.0,1.0
5,16.0,100.0,50.0,3W,1.556422215,0.0,1.0
6,17.0,100.0,50.0,3W,1.573829616,0.0,1.0
7,18.0,100.0,50.0,3W,1.55984506,0.0,1.0
8,27.0,50.0,50.0,3W,1.557496169,0.0,1.0
9,28.0,50.0,50.0,3W,1.5459281790000001,0.0,1.0
10,29.0,50.0,50.0,3W,1.557192972,0.0,1.0
11,30.0,50.0,50.0,3W,1.5685642340000001,0.0,1.0
12,51.0,50.0,25.0,3W,1.5754811290000001,0.0,1.0
13,52.0,50.0,25.0,3W,1.548829655,0.0,1.0
14,53.0,50.0,25.0,3W,1.5542140169999998,0.0,1.0
15,54.0,50.0,25.0,3W,1.564188013,0.0,1.0
16,67.0,0.0,25.0,3W,1.5639852419999998,0.0,1.0
17,68.0,0.0,25.0,3W,1.548102799,0.0,1.0
18,69.0,0.0,25.0,3W,1.544983016,0.0,1.0
19,70.0,0.0,25.0,3W,1.554105233,0.0,1.0
20,71.0,100.0,25.0,3W,1.5695794930000002,0.0,1.0
21,72.0,100.0,25.0,3W,1.55138754,0.0,1.0
22,73.0,100.0,25.0,3W,1.5525812069999998,0.0,1.0
23,74.0,100.0,25.0,3W,1.542345335,0.0,1.0
24,83.0,50.0,-5.0,3W,1.564972565,0.0,1.0
25,84.0,50.0,-5.0,3W,1.561187448,0.0,1.0
26,85.0,50.0,-5.0,3W,1.561906812,0.0,1.0
27,86.0,50.0,-5.0,3W,1.569982912,0.0,1.0
28,95.0,100.0,-5.0,3W,1.550214505,0.0,1.0
29,96.0,100.0,-5.0,3W,1.566353516,0.0,1.0
30,97.0,100.0,-5.0,3W,1.5439738440000002,0.0,1.0
31,98.0,100.0,-5.0,3W,1.570421483,0.0,1.0
32,115.0,0.0,-5.0,3W,1.5414736359999999,0.0,1.0
33,116.0,0.0,-5.0,3W,1.5550916190000001,0.0,1.0
34,117.0,0.0,-5.0,3W,1.5688420840000001,0.0,1.0
35,118.0,0.0,-5.0,3W,1.5730476340000001,0.0,1.0
36,119.0,50.0,-40.0,3W,1.5518683780000002,0.0,1.0
37,120.0,50.0,-40.0,3W,1.558346159,0.0,1.0
38,121.0,50.0,-40.0,3W,1.583487686,0.0,1.0
39,122.0,50.0,-40.0,3W,1.5636564469999998,0.0,1.0
40,127.0,100.0,-40.0,3W,1.546277855,0.0,1.0
41,128.0,100.0,-40.0,3W,1.56827483,0.0,1.0
42,129.0,100.0,-40.0,3W,1.5402563530000002,0.0,1.0
43,130.0,100.0,-40.0,3W,1.5507613130000002,0.0,1.0
44,3.0,0.0,50.0,3W,1.5680729919999998,0.0,1.0
45,3.0,0.0,50.0,3W,1.5680729919999998,0.0,1.0
46,4.0,0.0,50.0,3W,1.557777135,0.0,1.0
47,5.0,0.0,50.0,3W,1.571982891,0.0,1.0
48,6.0,0.0,50.0,3W,1.563703759,0.0,1.0
49,15.0,100.0,50.0,3W,1.576211159,0.0,1.0
50,16.0,100.0,50.0,3W,1.556422215,0.0,1.0
51,17.0,100.0,50.0,3W,1.573829616,0.0,1.0
52,18.0,100.0,50.0,3W,1.55984506,0.0,1.0
53,27.0,50.0,50.0,3W,1.557496169,0.0,1.0
54,28.0,50.0,50.0,3W,1.5459281790000001,0.0,1.0
55,3.0,0.0,50.0,3W,1.5680729919999998,0.0,1.0
56,4.0,0.0,50.0,3W,1.557777135,0.0,1.0
57,5.0,0.0,50.0,3W,1.571982891,0.0,1.0
58,6.0,0.0,50.0,3W,1.563703759,0.0,1.0
59,15.0,100.0,50.0,3W,1.576211159,0.0,1.0
60,16.0,100.0,50.0,3W,1.556422215,0.0,1.0
61,17.0,100.0,50.0,3W,1.573829616,0.0,1.0
62,18.0,100.0,50.0,3W,1.55984506,0.0,1.0
63,27.0,50.0,50.0,3W,1.557496169,0.0,1.0
64,28.0,50.0,50.0,3W,1.5459281790000001,0.0,1.0
65,29.0,50.0,50.0,3W,1.557192972,0.0,1.0
66,30.0,50.0,50.0,3W,1.5685642340000001,0.0,1.0
67,3.0,0.0,50.0,3W,1.5680729919999998,0.0,1.0
68,4.0,0.0,50.0,3W,1.557777135,0.0,1.0
69,5.0,0.0,50.0,3W,1.571982891,0.0,1.0
70,6.0,0.0,50.0,3W,1.563703759,0.0,1.0
71,15.0,100.0,50.0,3W,1.576211159,0.0,1.0
72,16.0,100.0,50.0,3W,1.556422215,0.0,1.0
73,17.0,100.0,50.0,3W,1.573829616,0.0,1.0
74,18.0,100.0,50.0,3W,1.55984506,0.0,1.0
75,27.0,50.0,50.0,3W,1.557496169,0.0,1.0
76,28.0,50.0,50.0,3W,1.5459281790000001,0.0,1.0
77,29.0,50.0,50.0,3W,1.557192972,0.0,1.0
78,30.0,50.0,50.0,3W,1.5685642340000001,0.0,1.0
79,3.0,0.0,50.0,3W,1.5680729919999998,0.0,1.0
80,4.0,0.0,50.0,3W,1.557777135,0.0,1.0
81,5.0,0.0,50.0,3W,1.571982891,0.0,1.0
82,6.0,0.0,50.0,3W,1.563703759,0.0,1.0
83,15.0,100.0,50.0,3W,1.576211159,0.0,1.0
84,16.0,100.0,50.0,3W,1.556422215,0.0,1.0
85,17.0,100.0,50.0,3W,1.573829616,0.0,1.0
86,18.0,100.0,50.0,3W,1.55984506,0.0,1.0
87,27.0,50.0,50.0,3W,1.557496169,0.0,1.0
88,28.0,50.0,50.0,3W,1.5459281790000001,0.0,1.0
89,29.0,50.0,50.0,3W,1.557192972,0.0,1.0
90,30.0,50.0,50.0,3W,1.5685642340000001,0.0,1.0
91,3.0,0.0,50.0,3W,1.5680729919999998,0.0,1.0
92,4.0,0.0,50.0,3W,1.557777135,0.0,1.0
93,5.0,0.0,50.0,3W,1.571982891,0.0,1.0
94,6.0,0.0,50.0,3W,1.563703759,0.0,1.0
95,15.0,100.0,50.0,3W,1.576211159,0.0,1.0
96,16.0,100.0,50.0,3W,1.556422215,0.0,1.0
97,17.0,100.0,50.0,3W,1.573829616,0.0,1.0
98,18.0,100.0,50.0,3W,1.55984506,0.0,1.0
99,27.0,50.0,50.0,3W,1.557496169,0.0,1.0
100,28.0,50.0,50.0,3W,1.5459281790000001,0.0,1.0
101,29.0,50.0,50.0,3W,1.557192972,0.0,1.0
102,30.0,50.0,50.0,3W,1.5685642340000001,0.0,1.0
103,3.0,0.0,50.0,3W,1.5680729919999998,0.0,1.0
104,4.0,0.0,50.0,3W,1.557777135,0.0,1.0
105,5.0,0.0,50.0,3W,1.571982891,0.0,1.0
106,6.0,0.0,50.0,3W,1.563703759,0.0,1.0
107,15.0,100.0,50.0,3W,1.576211159,0.0,1.0
108,16.0,100.0,50.0,3W,1.556422215,0.0,1.0
109,17.0,100.0,50.0,3W,1.573829616,0.0,1.0
110,18.0,100.0,50.0,3W,1.55984506,0.0,1.0
111,27.0,50.0,50.0,3W,1.557496169,0.0,1.0
112,28.0,50.0,50.0,3W,1.5459281790000001,0.0,1.0
113,29.0,50.0,50.0,3W,1.557192972,0.0,1.0
114,30.0,50.0,50.0,3W,1.5685642340000001,0.0,1.0
115,3.0,0.0,50.0,3W,1.5680729919999998,0.0,1.0
116,4.0,0.0,50.0,3W,1.557777135,0.0,1.0
117,5.0,0.0,50.0,3W,1.571982891,0.0,1.0
118,6.0,0.0,50.0,3W,1.563703759,0.0,1.0
119,15.0,100.0,50.0,3W,1.576211159,0.0,1.0
120,16.0,100.0,50.0,3W,1.556422215,0.0,1.0
121,17.0,100.0,50.0,3W,1.573829616,0.0,1.0
122,18.0,100.0,50.0,3W,1.55984506,0.0,1.0
123,27.0,50.0,50.0,3W,1.557496169,0.0,1.0
124,28.0,50.0,50.0,3W,1.5459281790000001,0.0,1.0
125,29.0,50.0,50.0,3W,1.557192972,0.0,1.0
126,30.0,50.0,50.0,3W,1.5685642340000001,0.0,1.0
127,3.0,0.0,50.0,3W,1.5680729919999998,0.0,1.0
128,4.0,0.0,50.0,3W,1.557777135,0.0,1.0
129,5.0,0.0,50.0,3W,1.571982891,0.0,1.0
130,6.0,0.0,50.0,3W,1.563703759,0.0,1.0
131,15.0,100.0,50.0,3W,1.576211159,0.0,1.0
132,16.0,100.0,50.0,3W,1.556422215,0.0,1.0
133,17.0,100.0,50.0,3W,1.573829616,0.0,1.0
134,18.0,100.0,50.0,3W,1.55984506,0.0,1.0
135,27.0,50.0,50.0,3W,1.557496169,0.0,1.0
136,28.0,50.0,50.0,3W,1.5459281790000001,0.0,1.0
137,29.0,50.0,50.0,3W,1.557192972,0.0,1.0
138,30.0,50.0,50.0,3W,1.5685642340000001,0.0,1.0
139,3.0,0.0,50.0,3W,1.5680729919999998,0.0,1.0
140,4.0,0.0,50.0,3W,1.557777135,0.0,1.0
141,5.0,0.0,50.0,3W,1.571982891,0.0,1.0
142,6.0,0.0,50.0,3W,1.563703759,0.0,1.0
143,15.0,100.0,50.0,3W,1.576211159,0.0,1.0
144,16.0,100.0,50.0,3W,1.556422215,0.0,1.0
145,17.0,100.0,50.0,3W,1.573829616,0.0,1.0
146,18.0,100.0,50.0,3W,1.55984506,0.0,1.0
147,27.0,50.0,50.0,3W,1.557496169,0.0,1.0
148,28.0,50.0,50.0,3W,1.5459281790000001,0.0,1.0
149,29.0,50.0,50.0,3W,1.557192972,0.0,1.0
150,30.0,50.0,50.0,3W,1.5685642340000001,0.0,1.0
151,3.0,0.0,50.0,3W,1.5680729919999998,0.0,1.0
152,4.0,0.0,50.0,3W,1.557777135,0.0,1.0
153,5.0,0.0,50.0,3W,1.571982891,0.0,1.0
154,6.0,0.0,50.0,3W,1.563703759,0.0,1.0
155,15.0,100.0,50.0,3W,1.576211159,0.0,1.0
156,16.0,100.0,50.0,3W,1.556422215,0.0,1.0
157,17.0,100.0,50.0,3W,1.573829616,0.0,1.0
158,18.0,100.0,50.0,3W,1.55984506,0.0,1.0
159,27.0,50.0,50.0,3W,1.557496169,0.0,1.0
160,28.0,50.0,50.0,3W,1.5459281790000001,0.0,1.0
161,29.0,50.0,50.0,3W,1.557192972,0.0,1.0
162,30.0,50.0,50.0,3W,1.5685642340000001,0.0,1.0
163,3.0,0.0,50.0,3W,1.5680729919999998,0.0,1.0
164,4.0,0.0,50.0,3W,1.557777135,0.0,1.0
165,5.0,0.0,50.0,3W,1.571982891,0.0,1.0
166,6.0,0.0,50.0,3W,1.563703759,0.0,1.0
167,15.0,100.0,50.0,3W,1.576211159,0.0,1.0
168,16.0,100.0,50.0,3W,1.556422215,0.0,1.0
169,17.0,100.0,50.0,3W,1.573829616,0.0,1.0
170,18.0,100.0,50.0,3W,1.55984506,0.0,1.0
171,27.0,50.0,50.0,3W,1.557496169,0.0,1.0
172,28.0,50.0,50.0,3W,1.5459281790000001,0.0,1.0
173,29.0,50.0,50.0,3W,1.557192972,0.0,1.0
174,30.0,50.0,50.0,3W,1.5685642340000001,0.0,1.0
175,3.0,0.0,50.0,3W,1.5680729919999998,21.0,1.0097807539894694
176,4.0,0.0,50.0,3W,1.557777135,21.0,1.0096282459851107
177,5.0,0.0,50.0,3W,1.571982891,21.0,1.0070793604260997
178,6.0,0.0,50.0,3W,1.563703759,21.0,1.0085670138740448
179,15.0,100.0,50.0,3W,1.576211159,21.0,0.9736689289153553
180,16.0,100.0,50.0,3W,1.556422215,21.0,0.9712513230044684
181,17.0,100.0,50.0,3W,1.573829616,21.0,0.9772236946783043
182,18.0,100.0,50.0,3W,1.55984506,21.0,0.9801354692124435
183,27.0,50.0,50.0,3W,1.557496169,21.0,0.9819571116373751
184,28.0,50.0,50.0,3W,1.5459281790000001,21.0,0.9826141005436754
185,29.0,50.0,50.0,3W,1.557192972,21.0,0.9867960896386418
186,30.0,50.0,50.0,3W,1.5685642340000001,21.0,0.9821103109596007
187,3.0,0.0,50.0,3W,1.5680729919999998,42.0,0.9997117150595354
188,4.0,0.0,50.0,3W,1.557777135,42.0,0.9969872963161684
189,5.0,0.0,50.0,3W,1.571982891,42.0,0.9998511373119212
190,6.0,0.0,50.0,3W,1.563703759,42.0,1.0018985901690456
191,15.0,100.0,50.0,3W,1.576211159,42.0,0.9544266316346298
192,16.0,100.0,50.0,3W,1.556422215,42.0,0.9524373739191045
193,17.0,100.0,50.0,3W,1.573829616,42.0,0.9518913619728648
194,18.0,100.0,50.0,3W,1.55984506,42.0,0.9600997820807696
195,27.0,50.0,50.0,3W,1.557496169,42.0,0.9700512064701271
196,28.0,50.0,50.0,3W,1.5459281790000001,42.0,0.9727401029073188
197,29.0,50.0,50.0,3W,1.557192972,42.0,0.9779369099381956
198,30.0,50.0,50.0,3W,1.5685642340000001,42.0,0.970700914927445
199,3.0,0.0,50.0,3W,1.5680729919999998,63.0,0.9650625153622333
200,4.0,0.0,50.0,3W,1.557777135,63.0,0.9585342515915205
201,5.0,0.0,50.0,3W,1.571982891,63.0,0.961028058033514
202,6.0,0.0,50.0,3W,1.563703759,63.0,0.968001848156657
203,15.0,100.0,50.0,3W,1.576211159,63.0,0.8831200867288506
204,16.0,100.0,50.0,3W,1.556422215,63.0,0.948199182044996
205,17.0,100.0,50.0,3W,1.573829616,63.0,0.9476661956230095
206,18.0,100.0,50.0,3W,1.55984506,63.0,0.953565183472822
207,27.0,50.0,50.0,3W,1.557496169,63.0,1.0100558525149246
208,28.0,50.0,50.0,3W,1.5459281790000001,63.0,1.0088727307042988
209,29.0,50.0,50.0,3W,1.557192972,63.0,1.0107418689479213
210,30.0,50.0,50.0,3W,1.5685642340000001,63.0,0.9963229849307611
211,3.0,0.0,50.0,3W,1.5680729919999998,84.0,0.9998833397968595
212,4.0,0.0,50.0,3W,1.557777135,84.0,0.9959681910609929
213,5.0,0.0,50.0,3W,1.571982891,84.0,1.0020458521264561
214,6.0,0.0,50.0,3W,1.563703759,84.0,0.9966066916333959
215,15.0,100.0,50.0,3W,1.576211159,84.0,0.780235274623161
216,16.0,100.0,50.0,3W,1.556422215,84.0,0.7679074291845224
217,17.0,100.0,50.0,3W,1.573829616,84.0,0.8317163379569774
218,18.0,100.0,50.0,3W,1.55984506,84.0,0.7940776498304466
219,27.0,50.0,50.0,3W,1.557496169,84.0,0.9574171443419338
220,28.0,50.0,50.0,3W,1.5459281790000001,84.0,0.9605542160800303
221,29.0,50.0,50.0,3W,1.557192972,84.0,0.9661773302225255
222,30.0,50.0,50.0,3W,1.5685642340000001,84.0,0.9547312866841512
223,3.0,0.0,50.0,3W,1.5680729919999998,105.0,0.9978077220252297
224,4.0,0.0,50.0,3W,1.557777135,105.0,0.9929836800723365
225,5.0,0.0,50.0,3W,1.571982891,105.0,0.9843940736471025
226,6.0,0.0,50.0,3W,1.563703759,105.0,1.000084528557194
227,15.0,100.0,50.0,3W,1.576211159,105.0,0.887706358474897
228,16.0,100.0,50.0,3W,1.556422215,105.0,0.8955571026807838
229,17.0,100.0,50.0,3W,1.573829616,105.0,0.8951363088384194
230,18.0,100.0,50.0,3W,1.55984506,105.0,0.9064609812919124
231,27.0,50.0,50.0,3W,1.557496169,105.0,0.9404974472010595
232,28.0,50.0,50.0,3W,1.5459281790000001,105.0,0.9523067362372911
233,29.0,50.0,50.0,3W,1.557192972,105.0,0.9612904364384641
234,30.0,50.0,50.0,3W,1.5685642340000001,105.0,0.9453660097384536
235,3.0,0.0,50.0,3W,1.5680729919999998,126.0,0.9964733518487053
236,4.0,0.0,50.0,3W,1.557777135,126.0,0.9912540612969255
237,5.0,0.0,50.0,3W,1.571982891,126.0,0.990395617054322
238,6.0,0.0,50.0,3W,1.563703759,126.0,0.9908112050670916
239,15.0,100.0,50.0,3W,1.576211159,126.0,0.8299789464503587
240,16.0,100.0,50.0,3W,1.556422215,126.0,0.8482063819079889
241,17.0,100.0,50.0,3W,1.573829616,126.0,0.7705803597880566
242,18.0,100.0,50.0,3W,1.55984506,126.0,0.8358542525070932
243,27.0,50.0,50.0,3W,1.557496169,126.0,0.935571156962483
244,28.0,50.0,50.0,3W,1.5459281790000001,126.0,0.9461137094405839
245,29.0,50.0,50.0,3W,1.557192972,126.0,0.954672259352559
246,30.0,50.0,50.0,3W,1.5685642340000001,126.0,0.9396052581237486
247,3.0,0.0,50.0,3W,1.5680729919999998,147.0,0.987739299724885
248,4.0,0.0,50.0,3W,1.557777135,147.0,0.9898135910785968
249,5.0,0.0,50.0,3W,1.571982891,147.0,0.985274760242647
250,6.0,0.0,50.0,3W,1.563703759,147.0,0.9871261550397948
251,15.0,100.0,50.0,3W,1.576211159,147.0,0.0
252,16.0,100.0,50.0,3W,1.556422215,147.0,0.0
253,17.0,100.0,50.0,3W,1.573829616,147.0,0.0
254,18.0,100.0,50.0,3W,1.55984506,147.0,0.0
255,27.0,50.0,50.0,3W,1.557496169,147.0,0.9296250679133574
256,28.0,50.0,50.0,3W,1.5459281790000001,147.0,0.9402228100052189
257,29.0,50.0,50.0,3W,1.557192972,147.0,0.9458875425977603
258,30.0,50.0,50.0,3W,1.5685642340000001,147.0,0.9364237814801762
259,3.0,0.0,50.0,3W,1.5680729919999998,168.0,0.9805576212299555
260,4.0,0.0,50.0,3W,1.557777135,168.0,0.9848554899651463
261,5.0,0.0,50.0,3W,1.571982891,168.0,0.9830334863429402
262,6.0,0.0,50.0,3W,1.563703759,168.0,0.9810747982470853
263,15.0,100.0,50.0,3W,1.576211159,168.0,0.0
264,16.0,100.0,50.0,3W,1.556422215,168.0,0.0
265,17.0,100.0,50.0,3W,1.573829616,168.0,0.0
266,18.0,100.0,50.0,3W,1.55984506,168.0,0.0
267,27.0,50.0,50.0,3W,1.557496169,168.0,0.9211752139696814
268,28.0,50.0,50.0,3W,1.5459281790000001,168.0,0.9349339780911076
269,29.0,50.0,50.0,3W,1.557192972,168.0,0.9412761062799679
270,30.0,50.0,50.0,3W,1.5685642340000001,168.0,0.9308922261886547
271,3.0,0.0,50.0,3W,1.5680729919999998,189.0,0.9874962716509929
272,4.0,0.0,50.0,3W,1.557777135,189.0,0.982855425210969
273,5.0,0.0,50.0,3W,1.571982891,189.0,0.9822897692585275
274,6.0,0.0,50.0,3W,1.563703759,189.0,0.9789879079309286
275,15.0,100.0,50.0,3W,1.576211159,189.0,0.0
276,16.0,100.0,50.0,3W,1.556422215,189.0,0.0
277,17.0,100.0,50.0,3W,1.573829616,189.0,0.0
278,18.0,100.0,50.0,3W,1.55984506,189.0,0.0
279,27.0,50.0,50.0,3W,1.557496169,189.0,0.9202117830635351
280,28.0,50.0,50.0,3W,1.5459281790000001,189.0,0.9311121827883958
281,29.0,50.0,50.0,3W,1.557192972,189.0,0.9376115048988567
282,30.0,50.0,50.0,3W,1.5685642340000001,189.0,0.9252287185318819
283,3.0,0.0,50.0,3W,1.5680729919999998,210.0,0.979012903036665
284,4.0,0.0,50.0,3W,1.557777135,210.0,0.9788844101735842
285,5.0,0.0,50.0,3W,1.571982891,210.0,0.9804197015950952
286,6.0,0.0,50.0,3W,1.563703759,210.0,0.975539167409499
287,15.0,100.0,50.0,3W,1.576211159,210.0,0.0
288,16.0,100.0,50.0,3W,1.556422215,210.0,0.0
289,17.0,100.0,50.0,3W,1.573829616,210.0,0.0
290,18.0,100.0,50.0,3W,1.55984506,210.0,0.0
291,27.0,50.0,50.0,3W,1.557496169,210.0,0.916965335543181
292,28.0,50.0,50.0,3W,1.5459281790000001,210.0,0.9259792868661609
293,29.0,50.0,50.0,3W,1.557192972,210.0,0.9338975662294127
294,30.0,50.0,50.0,3W,1.5685642340000001,210.0,0.9128253822632985
295,51.0,50.0,25.0,3W,1.5754811290000001,21.0,0.9962015297452108
296,52.0,50.0,25.0,3W,1.548829655,21.0,0.9974518165885291
297,53.0,50.0,25.0,3W,1.5542140169999998,21.0,0.9909660743268371
298,54.0,50.0,25.0,3W,1.564188013,21.0,0.9961036204362659
299,67.0,0.0,25.0,3W,1.5639852419999998,21.0,1.0115375207359278
300,68.0,0.0,25.0,3W,1.548102799,21.0,1.0170473037803434
301,69.0,0.0,25.0,3W,1.544983016,21.0,1.0151219480716311
302,70.0,0.0,25.0,3W,1.554105233,21.0,1.0170739014981471
303,71.0,100.0,25.0,3W,1.5695794930000002,21.0,1.0003648468389423
304,72.0,100.0,25.0,3W,1.55138754,21.0,0.9987288201986785
305,73.0,100.0,25.0,3W,1.5525812069999998,21.0,0.9973305893403103
306,74.0,100.0,25.0,3W,1.542345335,21.0,0.9957550242406334
307,51.0,50.0,25.0,3W,1.5754811290000001,42.0,0.9888021730805694
308,52.0,50.0,25.0,3W,1.548829655,42.0,0.985451619556192
309,53.0,50.0,25.0,3W,1.5542140169999998,42.0,0.9876110126777154
310,54.0,50.0,25.0,3W,1.564188013,42.0,0.9912865491209585
311,67.0,0.0,25.0,3W,1.5639852419999998,42.0,1.0038450221406994
312,68.0,0.0,25.0,3W,1.548102799,42.0,1.0119792162370556
313,69.0,0.0,25.0,3W,1.544983016,42.0,1.0056298554697958
314,70.0,0.0,25.0,3W,1.554105233,42.0,1.0120278702730987
315,71.0,100.0,25.0,3W,1.5695794930000002,42.0,0.9928211086601224
316,72.0,100.0,25.0,3W,1.55138754,42.0,0.9952561928091095
317,73.0,100.0,25.0,3W,1.5525812069999998,42.0,0.9922514441701664
318,74.0,100.0,25.0,3W,1.542345335,42.0,0.9865875442863968
319,51.0,50.0,25.0,3W,1.5754811290000001,63.0,0.9985976373375475
320,52.0,50.0,25.0,3W,1.548829655,63.0,0.991976365260028
321,53.0,50.0,25.0,3W,1.5542140169999998,63.0,0.988057470776821
322,54.0,50.0,25.0,3W,1.564188013,63.0,0.9940231949364586
323,67.0,0.0,25.0,3W,1.5639852419999998,63.0,1.007157809286935
324,68.0,0.0,25.0,3W,1.548102799,63.0,1.022120516252426
325,69.0,0.0,25.0,3W,1.544983016,63.0,1.0132224148253115
326,70.0,0.0,25.0,3W,1.554105233,63.0,1.0195169482645754
327,71.0,100.0,25.0,3W,1.5695794930000002,63.0,0.9919140971041361
328,72.0,100.0,25.0,3W,1.55138754,63.0,0.9912869523467857
329,73.0,100.0,25.0,3W,1.5525812069999998,63.0,0.9883649754808091
330,74.0,100.0,25.0,3W,1.542345335,63.0,0.9868907636889912
331,51.0,50.0,25.0,3W,1.5754811290000001,84.0,0.9885875539133848
332,52.0,50.0,25.0,3W,1.548829655,84.0,0.9917966361135415
333,53.0,50.0,25.0,3W,1.5542140169999998,84.0,0.9829338410321531
334,54.0,50.0,25.0,3W,1.564188013,84.0,0.9914872658551789
335,67.0,0.0,25.0,3W,1.5639852419999998,84.0,1.0122816566719426
336,68.0,0.0,25.0,3W,1.548102799,84.0,1.0222538477316265
337,69.0,0.0,25.0,3W,1.544983016,84.0,1.0159559141495755
338,70.0,0.0,25.0,3W,1.554105233,84.0,1.019892703623725
339,71.0,100.0,25.0,3W,1.5695794930000002,84.0,0.9874844687141473
340,72.0,100.0,25.0,3W,1.55138754,84.0,0.989973858790743
341,73.0,100.0,25.0,3W,1.5525812069999998,84.0,0.9859609338985263
342,74.0,100.0,25.0,3W,1.542345335,84.0,0.9840940540951939
343,51.0,50.0,25.0,3W,1.5754811290000001,105.0,0.9892578081655758
344,52.0,50.0,25.0,3W,1.548829655,105.0,0.9838087152267323
345,53.0,50.0,25.0,3W,1.5542140169999998,105.0,0.980722338947575
346,54.0,50.0,25.0,3W,1.564188013,105.0,0.9864498813096005
347,67.0,0.0,25.0,3W,1.5639852419999998,105.0,1.0019176369755554
348,68.0,0.0,25.0,3W,1.548102799,105.0,1.0139516930103185
349,69.0,0.0,25.0,3W,1.544983016,105.0,1.0043074902261508
350,70.0,0.0,25.0,3W,1.554105233,105.0,1.0128391597301853
351,71.0,100.0,25.0,3W,1.5695794930000002,105.0,0.9820453205777808
352,72.0,100.0,25.0,3W,1.55138754,105.0,0.9853049714794572
353,73.0,100.0,25.0,3W,1.5525812069999998,105.0,0.980850424933585
354,74.0,100.0,25.0,3W,1.542345335,105.0,0.978274504228244
355,51.0,50.0,25.0,3W,1.5754811290000001,126.0,0.9871820168942277
356,52.0,50.0,25.0,3W,1.548829655,126.0,0.9821412751046937
357,53.0,50.0,25.0,3W,1.5542140169999998,126.0,0.9787143396738148
358,54.0,50.0,25.0,3W,1.564188013,126.0,0.9842938083850634
359,67.0,0.0,25.0,3W,1.5639852419999998,126.0,1.0006874448781686
360,68.0,0.0,25.0,3W,1.548102799,126.0,1.012740037900755
361,69.0,0.0,25.0,3W,1.544983016,126.0,1.0030646224822675
362,70.0,0.0,25.0,3W,1.554105233,126.0,1.0107487091300729
363,71.0,100.0,25.0,3W,1.5695794930000002,126.0,0.97848367603095
364,72.0,100.0,25.0,3W,1.55138754,126.0,0.982549240023632
365,73.0,100.0,25.0,3W,1.5525812069999998,126.0,0.9774975468004979
366,74.0,100.0,25.0,3W,1.542345335,126.0,0.9746086075978113
367,51.0,50.0,25.0,3W,1.5754811290000001,147.0,0.9782924101588715
368,52.0,50.0,25.0,3W,1.548829655,147.0,0.9804135248308479
369,53.0,50.0,25.0,3W,1.5542140169999998,147.0,0.9731177760804753
370,54.0,50.0,25.0,3W,1.564188013,147.0,0.9805994827453796
371,67.0,0.0,25.0,3W,1.5639852419999998,147.0,0.9994773094156295
372,68.0,0.0,25.0,3W,1.548102799,147.0,1.009096660116924
373,69.0,0.0,25.0,3W,1.544983016,147.0,1.0008245989845723
374,70.0,0.0,25.0,3W,1.554105233,147.0,1.0076890932632294
375,71.0,100.0,25.0,3W,1.5695794930000002,147.0,0.9739675097526506
376,72.0,100.0,25.0,3W,1.55138754,147.0,0.9786469036339696
377,73.0,100.0,25.0,3W,1.5525812069999998,147.0,0.9731832634952003
378,74.0,100.0,25.0,3W,1.542345335,147.0,0.9671540798589032
379,51.0,50.0,25.0,3W,1.5754811290000001,168.0,0.9738525375960195
380,52.0,50.0,25.0,3W,1.548829655,168.0,0.9785365163887154
381,53.0,50.0,25.0,3W,1.5542140169999998,168.0,0.973559008309895
382,54.0,50.0,25.0,3W,1.564188013,168.0,0.9785876147504979
383,67.0,0.0,25.0,3W,1.5639852419999998,168.0,0.9992722400231281
384,68.0,0.0,25.0,3W,1.548102799,168.0,1.0088071501846203
385,69.0,0.0,25.0,3W,1.544983016,168.0,1.0015233380110078
386,70.0,0.0,25.0,3W,1.554105233,168.0,1.007581980178225
387,71.0,100.0,25.0,3W,1.5695794930000002,168.0,0.9726577837918853
388,72.0,100.0,25.0,3W,1.55138754,168.0,0.9690344840284086
389,73.0,100.0,25.0,3W,1.5525812069999998,168.0,0.9682065079582348
390,74.0,100.0,25.0,3W,1.542345335,168.0,0.9668215494811783
391,51.0,50.0,25.0,3W,1.5754811290000001,189.0,0.9808899937520812
392,52.0,50.0,25.0,3W,1.548829655,189.0,0.9761555690445105
393,53.0,50.0,25.0,3W,1.5542140169999998,189.0,0.9724236336362975
394,54.0,50.0,25.0,3W,1.564188013,189.0,0.9766334202361336
395,67.0,0.0,25.0,3W,1.5639852419999998,189.0,0.9990468548519988
396,68.0,0.0,25.0,3W,1.548102799,189.0,1.0074135523126027
397,69.0,0.0,25.0,3W,1.544983016,189.0,1.0000979926560585
398,70.0,0.0,25.0,3W,1.554105233,189.0,1.0056608585486488
399,71.0,100.0,25.0,3W,1.5695794930000002,189.0,0.9675775260248731
400,72.0,100.0,25.0,3W,1.55138754,189.0,0.9705034074591782
401,73.0,100.0,25.0,3W,1.5525812069999998,189.0,0.9645753080716055
402,74.0,100.0,25.0,3W,1.542345335,189.0,0.9624948251906763
403,51.0,50.0,25.0,3W,1.5754811290000001,210.0,0.971449397198843
404,52.0,50.0,25.0,3W,1.548829655,210.0,0.9733483922768227
405,53.0,50.0,25.0,3W,1.5542140169999998,210.0,0.96600696171804
406,54.0,50.0,25.0,3W,1.564188013,210.0,0.9739763302456895
407,67.0,0.0,25.0,3W,1.5639852419999998,210.0,0.9962308899687553
408,68.0,0.0,25.0,3W,1.548102799,210.0,1.0040920567378697
409,69.0,0.0,25.0,3W,1.544983016,210.0,0.9995964223610365
410,70.0,0.0,25.0,3W,1.554105233,210.0,1.001970238661588
411,71.0,100.0,25.0,3W,1.5695794930000002,210.0,0.9651151209012673
412,72.0,100.0,25.0,3W,1.55138754,210.0,0.968739048396393
413,73.0,100.0,25.0,3W,1.5525812069999998,210.0,0.9624538825841045
414,74.0,100.0,25.0,3W,1.542345335,210.0,0.9598234178410809
415,83.0,50.0,-5.0,3W,1.564972565,21.0,0.990816951017478
416,84.0,50.0,-5.0,3W,1.561187448,21.0,0.9899884112486875
417,85.0,50.0,-5.0,3W,1.561906812,21.0,0.993020323623199
418,86.0,50.0,-5.0,3W,1.569982912,21.0,0.9960464322019832
419,95.0,100.0,-5.0,3W,1.550214505,21.0,0.9919502666923439
420,96.0,100.0,-5.0,3W,1.566353516,21.0,0.9983231726480168
421,97.0,100.0,-5.0,3W,1.5439738440000002,21.0,0.9974958712369391
422,98.0,100.0,-5.0,3W,1.570421483,21.0,1.0036413137716749
423,115.0,0.0,-5.0,3W,1.5414736359999999,21.0,1.0072029790537536
424,116.0,0.0,-5.0,3W,1.5550916190000001,21.0,1.0084128274758992
425,117.0,0.0,-5.0,3W,1.5688420840000001,21.0,1.0085937586139517
426,118.0,0.0,-5.0,3W,1.5730476340000001,21.0,1.0055348041635634
427,83.0,50.0,-5.0,3W,1.564972565,42.0,0.9998050076880651
428,84.0,50.0,-5.0,3W,1.561187448,42.0,0.9964227203369002
429,85.0,50.0,-5.0,3W,1.561906812,42.0,0.9932713528437701
430,86.0,50.0,-5.0,3W,1.569982912,42.0,0.9988137872048062
431,95.0,100.0,-5.0,3W,1.550214505,42.0,0.9891220562659243
432,96.0,100.0,-5.0,3W,1.566353516,42.0,0.9999615656132175
433,97.0,100.0,-5.0,3W,1.5439738440000002,42.0,0.9994993977159894
434,98.0,100.0,-5.0,3W,1.570421483,42.0,1.004395121308384
435,115.0,0.0,-5.0,3W,1.5414736359999999,42.0,1.0147220732185613
436,116.0,0.0,-5.0,3W,1.5550916190000001,42.0,1.0140663666015217
437,117.0,0.0,-5.0,3W,1.5688420840000001,42.0,1.0143047610416542
438,118.0,0.0,-5.0,3W,1.5730476340000001,42.0,1.011616784922609
439,83.0,50.0,-5.0,3W,1.564972565,63.0,0.9826034336291831
440,84.0,50.0,-5.0,3W,1.561187448,63.0,0.9883497974456114
441,85.0,50.0,-5.0,3W,1.561906812,63.0,0.9817168556145531
442,86.0,50.0,-5.0,3W,1.569982912,63.0,0.9909186692441332
443,95.0,100.0,-5.0,3W,1.550214505,63.0,0.9891947179989953
444,96.0,100.0,-5.0,3W,1.566353516,63.0,0.9953724399094949
445,97.0,100.0,-5.0,3W,1.5439738440000002,63.0,0.9954210738939233
446,98.0,100.0,-5.0,3W,1.570421483,63.0,1.002693544147754
447,115.0,0.0,-5.0,3W,1.5414736359999999,63.0,1.0034933676630244
448,116.0,0.0,-5.0,3W,1.5550916190000001,63.0,1.004214173537106
449,117.0,0.0,-5.0,3W,1.5688420840000001,63.0,1.0039677117900228
450,118.0,0.0,-5.0,3W,1.5730476340000001,63.0,1.0018089972349127
451,83.0,50.0,-5.0,3W,1.564972565,84.0,1.0009319912391577
452,84.0,50.0,-5.0,3W,1.561187448,84.0,1.0066484203541193
453,85.0,50.0,-5.0,3W,1.561906812,84.0,1.0150806372161165
454,86.0,50.0,-5.0,3W,1.569982912,84.0,1.0136868300931647
455,95.0,100.0,-5.0,3W,1.550214505,84.0,0.9799818968018552
456,96.0,100.0,-5.0,3W,1.566353516,84.0,0.9901594610667999
457,97.0,100.0,-5.0,3W,1.5439738440000002,84.0,0.9885697773511103
458,98.0,100.0,-5.0,3W,1.570421483,84.0,0.9968425036396589
459,115.0,0.0,-5.0,3W,1.5414736359999999,84.0,1.0021888879964258
460,116.0,0.0,-5.0,3W,1.5550916190000001,84.0,0.9908664548393896
461,117.0,0.0,-5.0,3W,1.5688420840000001,84.0,0.9828237556380015
462,118.0,0.0,-5.0,3W,1.5730476340000001,84.0,0.9852143999228417
463,83.0,50.0,-5.0,3W,1.564972565,105.0,0.982565453591521
464,84.0,50.0,-5.0,3W,1.561187448,105.0,0.9879358594676838
465,85.0,50.0,-5.0,3W,1.561906812,105.0,0.9819690513110433
466,86.0,50.0,-5.0,3W,1.569982912,105.0,0.9886467401280965
467,95.0,100.0,-5.0,3W,1.550214505,105.0,0.9808121637891893
468,96.0,100.0,-5.0,3W,1.566353516,105.0,0.9865822306867328
469,97.0,100.0,-5.0,3W,1.5439738440000002,105.0,0.9865727327236411
470,98.0,100.0,-5.0,3W,1.570421483,105.0,0.9933317799309187
471,115.0,0.0,-5.0,3W,1.5414736359999999,105.0,1.0123015943606066
472,116.0,0.0,-5.0,3W,1.5550916190000001,105.0,1.012239732559734
473,117.0,0.0,-5.0,3W,1.5688420840000001,105.0,1.013737432516213
474,118.0,0.0,-5.0,3W,1.5730476340000001,105.0,1.010120150609319
475,83.0,50.0,-5.0,3W,1.564972565,126.0,0.9866893589366341
476,84.0,50.0,-5.0,3W,1.561187448,126.0,0.9839116436777525
477,85.0,50.0,-5.0,3W,1.561906812,126.0,0.9823043769120197
478,86.0,50.0,-5.0,3W,1.569982912,126.0,0.9870187168389047
479,95.0,100.0,-5.0,3W,1.550214505,126.0,0.9766817896230676
480,96.0,100.0,-5.0,3W,1.566353516,126.0,0.9824117555834075
481,97.0,100.0,-5.0,3W,1.5439738440000002,126.0,0.9837232621499208
482,98.0,100.0,-5.0,3W,1.570421483,126.0,0.988703731402816
483,115.0,0.0,-5.0,3W,1.5414736359999999,126.0,1.009441417276104
484,116.0,0.0,-5.0,3W,1.5550916190000001,126.0,1.0069735167527436
485,117.0,0.0,-5.0,3W,1.5688420840000001,126.0,1.0098389154457637
486,118.0,0.0,-5.0,3W,1.5730476340000001,126.0,1.0061474832876
487,83.0,50.0,-5.0,3W,1.564972565,147.0,0.9864977001209756
488,84.0,50.0,-5.0,3W,1.561187448,147.0,0.9844948546633985
489,85.0,50.0,-5.0,3W,1.561906812,147.0,0.9821213701439206
490,86.0,50.0,-5.0,3W,1.569982912,147.0,0.9858649157185037
491,95.0,100.0,-5.0,3W,1.550214505,147.0,0.9782460944553554
492,96.0,100.0,-5.0,3W,1.566353516,147.0,0.9820339693958481
493,97.0,100.0,-5.0,3W,1.5439738440000002,147.0,0.9835013363808026
494,98.0,100.0,-5.0,3W,1.570421483,147.0,0.9897201412016877
495,115.0,0.0,-5.0,3W,1.5414736359999999,147.0,1.009593435145201
496,116.0,0.0,-5.0,3W,1.5550916190000001,147.0,1.0068518124109451
497,117.0,0.0,-5.0,3W,1.5688420840000001,147.0,1.0096716569707813
498,118.0,0.0,-5.0,3W,1.5730476340000001,147.0,1.006469731154832
499,119.0,50.0,-40.0,3W,1.5518683780000002,21.0,1.0006350929572054
500,120.0,50.0,-40.0,3W,1.558346159,21.0,0.9929163547328768
501,121.0,50.0,-40.0,3W,1.583487686,21.0,0.9952074470648999
502,122.0,50.0,-40.0,3W,1.5636564469999998,21.0,0.9958805701189068
503,127.0,100.0,-40.0,3W,1.546277855,21.0,1.0004787295040023
504,128.0,100.0,-40.0,3W,1.56827483,21.0,0.9838277917518558
505,129.0,100.0,-40.0,3W,1.5402563530000002,21.0,0.9973084170060377
506,130.0,100.0,-40.0,3W,1.5507613130000002,21.0,0.9936038251993489
507,119.0,50.0,-40.0,3W,1.5518683780000002,42.0,0.9912525206737777
508,120.0,50.0,-40.0,3W,1.558346159,42.0,0.9982693228933899
509,121.0,50.0,-40.0,3W,1.583487686,42.0,0.9964142604821349
510,122.0,50.0,-40.0,3W,1.5636564469999998,42.0,0.9952929398559568
511,127.0,100.0,-40.0,3W,1.546277855,42.0,1.0087476293611763
512,128.0,100.0,-40.0,3W,1.56827483,42.0,0.9864314200352211
513,129.0,100.0,-40.0,3W,1.5402563530000002,42.0,0.997228846562341
514,130.0,100.0,-40.0,3W,1.5507613130000002,42.0,0.9935225871590174
515,119.0,50.0,-40.0,3W,1.5518683780000002,63.0,0.9855282029634113
516,120.0,50.0,-40.0,3W,1.558346159,63.0,0.9895774898139996
517,121.0,50.0,-40.0,3W,1.583487686,63.0,0.9859910595474192
518,122.0,50.0,-40.0,3W,1.5636564469999998,63.0,0.9894780581639869
519,127.0,100.0,-40.0,3W,1.546277855,63.0,0.9968262124424753
520,128.0,100.0,-40.0,3W,1.56827483,63.0,0.9872274767605821
521,129.0,100.0,-40.0,3W,1.5402563530000002,63.0,0.9904708353841375
522,130.0,100.0,-40.0,3W,1.5507613130000002,63.0,0.9879291968954804
523,119.0,50.0,-40.0,3W,1.5518683780000002,84.0,0.9841036421742662
524,120.0,50.0,-40.0,3W,1.558346159,84.0,0.9880921022108952
525,121.0,50.0,-40.0,3W,1.583487686,84.0,0.984625562360166
526,122.0,50.0,-40.0,3W,1.5636564469999998,84.0,0.9874819586265238
527,127.0,100.0,-40.0,3W,1.546277855,84.0,0.9950539521821199
528,128.0,100.0,-40.0,3W,1.56827483,84.0,0.988379805468495
529,129.0,100.0,-40.0,3W,1.5402563530000002,84.0,0.9920904227786528
530,130.0,100.0,-40.0,3W,1.5507613130000002,84.0,0.9872311898644616
531,119.0,50.0,-40.0,3W,1.5518683780000002,105.0,0.984919363766778
532,120.0,50.0,-40.0,3W,1.558346159,105.0,0.9865174355974519
533,121.0,50.0,-40.0,3W,1.583487686,105.0,0.9845292602000474
534,122.0,50.0,-40.0,3W,1.5636564469999998,105.0,0.986786288072426
535,127.0,100.0,-40.0,3W,1.546277855,105.0,0.9933872041921451
536,128.0,100.0,-40.0,3W,1.56827483,105.0,0.985952988449059
537,129.0,100.0,-40.0,3W,1.5402563530000002,105.0,0.9901287300741897
538,130.0,100.0,-40.0,3W,1.5507613130000002,105.0,0.9865548830291228
539,119.0,50.0,-40.0,3W,1.5518683780000002,126.0,0.9840210877883369
540,120.0,50.0,-40.0,3W,1.558346159,126.0,0.9844492185857853
541,121.0,50.0,-40.0,3W,1.583487686,126.0,0.9839493637105423
542,122.0,50.0,-40.0,3W,1.5636564469999998,126.0,0.9855896526692075
543,127.0,100.0,-40.0,3W,1.546277855,126.0,0.9914397185745714
544,128.0,100.0,-40.0,3W,1.56827483,126.0,0.981859074333917
545,129.0,100.0,-40.0,3W,1.5402563530000002,126.0,0.9865914372965712
546,130.0,100.0,-40.0,3W,1.5507613130000002,126.0,0.9830040385772474
547,119.0,50.0,-40.0,3W,1.5518683780000002,147.0,0.9853357004206595
548,120.0,50.0,-40.0,3W,1.558346159,147.0,0.9847324204582353
549,121.0,50.0,-40.0,3W,1.583487686,147.0,0.9836827185229756
550,122.0,50.0,-40.0,3W,1.5636564469999998,147.0,0.9856731134232743
551,127.0,100.0,-40.0,3W,1.546277855,147.0,0.990327385377203
552,128.0,100.0,-40.0,3W,1.56827483,147.0,0.982062705753725
553,129.0,100.0,-40.0,3W,1.5402563530000002,147.0,0.9865208475131041
554,130.0,100.0,-40.0,3W,1.5507613130000002,147.0,0.9824285354046157
